<?xml version="1.0" encoding="UTF-8"?>
<project-private xmlns="http://www.netbeans.org/ns/project-private/1">
    <editor-bookmarks xmlns="http://www.netbeans.org/ns/editor-bookmarks/2" lastBookmarkId="1"/>
    <open-files xmlns="http://www.netbeans.org/ns/projectui-open-files/2">
        <group>
            <file>file:/C:/dp/dlp_java_swing/JavaSwingApp-main/src/com/joseluis/pe/cpresentacion/Calculadora.java</file>
            <file>file:/C:/dp/dlp_java_swing/JavaSwingApp-main/src/com/joseluis/ctest/Test.java</file>
            <file>file:/C:/dp/dlp_java_swing/JavaSwingApp-main/src/com/joseluis/pe/db/Conexion.java</file>
            <file>file:/C:/dp/dlp_java_swing/JavaSwingApp-main/src/com/joseluis/cnegocio/TipoDocumentoBO.java</file>
            <file>file:/C:/dp/dlp_java_swing/JavaSwingApp-main/src/com/joseluis/pe/cmodelo/TipoDocumento.java</file>
            <file>file:/C:/dp/dlp_java_swing/JavaSwingApp-main/src/com/joseluis/pe/cpresentacion/JFramePrincipal.java</file>
            <file>file:/C:/dp/dlp_java_swing/JavaSwingApp-main/src/com/joseluis/pe/cpresentacion/Contador.java</file>
            <file>file:/C:/dp/dlp_java_swing/JavaSwingApp-main/src/com/joseluis/pe/cpresentacion/JFrameLogin.java</file>
            <file>file:/C:/dp/dlp_java_swing/JavaSwingApp-main/src/com/joseluis/cdatosdao/TipoDocumentoDao.java</file>
        </group>
    </open-files>
</project-private>
